Class,Tag
Airplane,poster
Airplane,computer screen
Airplane,gun
Airplane,sign
Airplane,blue
Airplane,sky
Airplane,point
Airplane,profile
Airplane,shadow
Airplane,green
Airplane,animal
Airplane,lush
Airplane,biplane
Airplane,yellow
Airplane,floor
Airplane,grass
Airplane,field
Airplane,grassy
Airplane,tank
Airplane,trailer
Airplane,trailer truck
Airplane,tail
Airplane,sea
Airplane,raceway
Airplane,land
Airplane,take
Airplane,kite
Airplane,cloudy
Airplane,trick
Airplane,stunt
Airplane,cloud
Airplane,smoke
Airplane,lamp
Airplane,street sign
Airplane,lamp post
Airplane,stool
Airplane,chair
Airplane,stand
Airplane,snow
Airplane,ram
Airplane,person
Airplane,woman
Airplane,brown
Airplane,open
Airplane,hedge
Airplane,car window
Airplane,bush
Airplane,stem
Airplane,vegetation
Airplane,sit
Airplane,greenery
Airplane,plant
Airplane,bird
Airplane,lighthouse
Airplane,display
Airplane,sink
Airplane,rhinoceros
Airplane,sculpture
Airplane,bull
Airplane,bed
Airplane,dog
Airplane,lay
Airplane,blanket
Airplane,bedcover
Airplane,pillow
Airplane,black
Airplane,snail
Airplane,leaf
Airplane,wave
Airplane,swimmer
Airplane,bat
Airplane,head
Airplane,goggles
Airplane,stare
Airplane,sloth
Airplane,lemur
Airplane,table
Airplane,counter top
Airplane,image
Airplane,man
Airplane,traffic sign
Airplane,road
Airplane,park
Airplane,bridle
Airplane,play
Airplane,catch
Airplane,cock
Airplane,swing
Airplane,baseball glove
Airplane,boy
Airplane,baseball bat
Airplane,close-up
Airplane,face
Airplane,badger
Airplane,cub
Airplane,ambulance
Airplane,swivel chair
Airplane,office chair
Airplane,statue
Airplane,bottle
Airplane,muscle
Airplane,bust
Airplane,dark
Airplane,mouth
Airplane,remote
Airplane,calm
Airplane,drive
Airplane,fire truck
Airplane,bus
Airplane,decker bus
Airplane,cruise
Airplane,yard
Airplane,forest
Airplane,brush
Airplane,habitat
Airplane,trumpet
Airplane,chameleon
Airplane,area
Airplane,log
Airplane,enclosure
Airplane,child
Airplane,graze
Airplane,doll
Airplane,tennis racket
Airplane,game controller
Airplane,Wii
Airplane,mouse
Airplane,Wii controller
Airplane,ostrich
Airplane,teddy
Airplane,limb
Airplane,tree branch
Airplane,camper
Airplane,shed
Airplane,miniature
Airplane,donkey
Airplane,dress
Airplane,doorway
Airplane,flower
Airplane,weed
Airplane,dough
Airplane,curtain
Airplane,room
Airplane,shop window
Airplane,swim cap
Airplane,wire
Airplane,reed
Airplane,orangutan
Airplane,pool
Airplane,dinning table
Airplane,logo
Airplane,food truck
Airplane,rural
Airplane,school bus
Airplane,glass table
Airplane,paw
Airplane,Border collie
Airplane,pigeon
Airplane,ledge
Airplane,stone
Airplane,shirt
Airplane,hand
Airplane,stump
Airplane,silver
Airplane,savanna
Airplane,yak
Airplane,dry
Airplane,bison
Airplane,buffalo
Airplane,plain
Airplane,eagle
Airplane,chase
Airplane,sweatshirt
Airplane,hood
Airplane,hoodie
Airplane,army
Airplane,hillside
Airplane,hill
Airplane,house exterior
Airplane,house
Airplane,gazebo
Airplane,shelter
Airplane,sand
Airplane,picnic table
Airplane,pen
Airplane,park bench
Airplane,fire station
Airplane,gray
Airplane,window sill
Airplane,siamese
Airplane,swim
Airplane,aquarium
Airplane,whale
Airplane,doberman
Airplane,boat
Airplane,sunset
Airplane,bow tie
Airplane,guinea pig
Airplane,stuff
Airplane,kitchen counter
Airplane,dirt track
Airplane,turquoise
Airplane,parking
Car,toy
Car,white
Car,animal
Car,blue
Car,curb
Car,road
Car,fire truck
Car,photo
Car,park
Car,tow truck
Car,ambulance
Car,building
Car,logo
Car,pole
Car,man
Car,traffic sign
Car,green
Car,lush
Car,snail
Car,vegetation
Car,grass
Car,blade
Car,bush
Car,brown
Car,leaf
Car,figurine
Car,chameleon
Car,trailer
Car,cloudy
Car,tank
Car,dress
Car,doll
Car,wear
Car,stool
Car,stump
Car,sit
Car,stand
Car,bird
Car,swinge
Car,trick
Car,swing
Car,bat
Car,martial
Car,baseball bat
Car,karate
Car,donkey
Car,stare
Car,sky
Car,water
Car,stone
Car,floor
Car,pillow
Car,kite
Car,head
Car,chair
Car,swivel chair
Car,lay
Car,office chair
Car,black
Car,reindeer
Car,snow
Car,ram
Car,neckband
Car,goggles
Car,cat
Car,food
Car,chihuahua
Car,carpet
Car,paw
Car,bus
Car,school bus
Car,formation
Car,stunt
Car,cloud
Car,table
Car,husky
Car,hide
Car,gun
Car,point
Car,profile
Car,shadow
Car,swimmer
Car,umbrella
Car,walk
Car,person
Car,pink
Car,woman
Car,wood
Car,tree
Car,orangutan
Car,pool
Car,display
Car,sculpture
Car,limb
Car,twig
Car,tree branch
Car,yellow
Car,window
Car,shop window
Car,swim cap
Car,cage
Car,enclosure
Car,lamp
Car,lamp post
Car,city
Car,urban
Car,city view
Car,city skyline
Car,bridle
Car,origami
Car,cruise
Car,float
Car,calm
Car,lake
Car,image
Car,food truck
Car,rural
Car,bathroom accessory
Car,sink
Car,bathroom sink
Car,smoke
Car,rhinoceros
Car,bull
Car,dough
Car,blanket
Car,wave
Car,biplane
Car,field
Car,grassy
Car,fighter jet
Car,curtain
Car,room
Car,sloth
Car,lemur
Car,hedge
Car,stem
Car,greenery
Car,plant
Car,joker
Car,mouth
Car,remote
Car,graze
Car,open
Car,counter top
Car,peak
Car,post
Car,play
Car,catch
Car,cock
Car,baseball glove
Car,boy
Car,cart
Car,camper
Car,shed
Car,brush
Car,trumpet
Car,flower
Car,weed
Car,gecko
Car,lizard
Car,mantid
Car,tree frog
Car,tennis racket
Car,game controller
Car,control
Car,Wii
Car,mouse
Car,Wii controller
Car,dinning table
Car,computer screen
Car,doorway
Car,shirt
Car,wire
Car,reed
Car,Border collie
Car,skater
Car,jump
Car,flip
Car,skateboarder
Car,skate
Car,skate park
Car,ostrich
Car,hand
Car,airport runway
Car,tarmac
Car,savanna
Car,yak
Car,dry
Car,bison
Car,buffalo
Car,plain
Car,puddle
Car,sweatshirt
Car,hood
Car,hoodie
Car,silver
Car,party hat
Car,turquoise
Car,bathroom mirror
Car,bath
Car,bathroom
Car,bow tie
Car,guinea pig
Car,fire station
Car,hillside
Car,hill
Car,house exterior
Car,house
Car,gazebo
Car,shelter
Car,sand
Car,picnic table
Car,stuff
Car,swim
Car,aquarium
Car,whale
Car,army
Car,fly
Car,doberman
Car,kitchen counter
Bird,stare
Bird,vegetation
Bird,bush
Bird,stool
Bird,stump
Bird,ostrich
Bird,gray
Bird,leash
Bird,lighthouse
Bird,table
Bird,husky
Bird,hide
Bird,child
Bird,mouth
Bird,remote
Bird,bridle
Bird,reindeer
Bird,tie
Bird,chameleon
Bird,wave
Bird,cart
Bird,sloth
Bird,lemur
Bird,smoke
Bird,car window
Bird,counter top
Bird,teddy
Bird,window
Bird,hedge
Bird,stone
Bird,take
Bird,brush
Bird,habitat
Bird,fighter jet
Bird,wood
Bird,gecko
Bird,lizard
Bird,mantid
Bird,bookshelf
Bird,yard
Bird,forest
Bird,bathroom accessory
Bird,sink
Bird,bathroom sink
Bird,dinning table
Bird,scale model
Bird,tennis racket
Bird,game controller
Bird,control
Bird,Wii
Bird,mouse
Bird,Wii controller
Bird,blanket
Bird,snow
Bird,cub
Bird,wire
Bird,reed
Bird,rural
Bird,travel
Bird,polar bear
Bird,iceberg
Bird,area
Bird,cruise
Bird,puppet
Bird,donkey
Bird,orangutan
Bird,pool
Bird,puddle
Bird,hamster
Bird,rodent
Bird,shirt
Bird,turquoise
Bird,chase
Bird,hill
Bird,house exterior
Bird,house
Bird,silver
Bird,pen
Bird,park bench
Bird,stuff
Bird,party hat
Bird,doberman
Bird,kitchen counter
Bird,window sill
Bird,siamese
Bird,bathroom mirror
Bird,bath
Bird,bathroom
Bird,hockey
Bird,basketball game
Bird,hockey game
Bird,hockey player
Bird,rink
Bird,ice hockey
Cat,gray
Cat,curtain
Cat,lamp
Cat,room
Cat,dress
Cat,swivel chair
Cat,office chair
Cat,husky
Cat,statue
Cat,bottle
Cat,muscle
Cat,bust
Cat,dark
Cat,cock
Cat,baseball glove
Cat,boy
Cat,scale model
Cat,miniature
Cat,wave
Cat,donkey
Cat,street sign
Cat,lamp post
Cat,cart
Cat,bookshelf
Cat,cage
Cat,rail
Cat,peak
Cat,post
Cat,traffic sign
Cat,image
Cat,stone
Cat,lake
Cat,close-up
Cat,badger
Cat,trailer truck
Cat,biplane
Cat,forest
Cat,polar bear
Cat,iceberg
Cat,take
Cat,girl
Cat,curl
Cat,hedge
Cat,shirt
Cat,fighter jet
Cat,airport runway
Cat,tarmac
Cat,party hat
Cat,bow tie
Cat,guinea pig
Cat,window sill
Cat,siamese
Cat,fire station
Cat,army
Cat,kitchen counter
Cat,fly
Cat,doberman
Deer,chair
Deer,snow
Deer,area
Deer,forest
Deer,log
Deer,brown
Deer,sky
Deer,yard
Deer,rhinoceros
Deer,sculpture
Deer,bull
Deer,poster
Deer,computer screen
Deer,gun
Deer,sign
Deer,city bus
Deer,bus
Deer,decker bus
Deer,park
Deer,miniature
Deer,graze
Deer,open
Deer,tank
Deer,tow truck
Deer,trailer truck
Deer,lighthouse
Deer,water
Deer,cloudy
Deer,formation
Deer,trick
Deer,stunt
Deer,cloud
Deer,blue
Deer,smoke
Deer,swinge
Deer,swing
Deer,bat
Deer,martial
Deer,baseball bat
Deer,karate
Deer,toy
Deer,doll
Deer,wear
Deer,road
Deer,curb
Deer,car
Deer,camper
Deer,shed
Deer,weed
Deer,scale model
Deer,sit
Deer,float
Deer,child
Deer,boy
Deer,drive
Deer,fire truck
Deer,ambulance
Deer,peak
Deer,post
Deer,parrot
Deer,joker
Deer,puppet
Deer,chameleon
Deer,close-up
Deer,badger
Deer,umbrella
Deer,walk
Deer,pink
Deer,sloth
Deer,lemur
Deer,cruise
Deer,calm
Deer,stem
Deer,greenery
Deer,plant
Deer,neckband
Deer,goggles
Deer,leash
Deer,rural
Deer,tennis racket
Deer,game controller
Deer,control
Deer,Wii
Deer,remote
Deer,mouse
Deer,Wii controller
Deer,bookshelf
Deer,cage
Deer,traffic sign
Deer,cart
Deer,lamp
Deer,street sign
Deer,lamp post
Deer,display
Deer,wire
Deer,reed
Deer,bridle
Deer,shop window
Deer,swim cap
Deer,cat
Deer,point
Deer,shadow
Deer,enclosure
Deer,logo
Deer,kite
Deer,statue
Deer,bathroom accessory
Deer,sink
Deer,bathroom sink
Deer,swivel chair
Deer,office chair
Deer,origami
Deer,girl
Deer,curl
Deer,travel
Deer,polar bear
Deer,iceberg
Deer,catch
Deer,hand
Deer,skater
Deer,jump
Deer,flip
Deer,skateboarder
Deer,skate
Deer,skate park
Deer,puddle
Deer,shirt
Deer,curtain
Deer,room
Deer,silver
Deer,sweatshirt
Deer,hood
Deer,hoodie
Deer,pen
Deer,park bench
Deer,bathroom mirror
Deer,bath
Deer,bathroom
Deer,bow tie
Deer,guinea pig
Deer,savanna
Deer,yak
Deer,dry
Deer,bison
Deer,buffalo
Deer,plain
Deer,airport runway
Deer,tarmac
Deer,gazebo
Deer,shelter
Deer,sand
Deer,picnic table
Deer,swim
Deer,aquarium
Deer,whale
Deer,boat
Deer,sunset
Deer,gray
Deer,window sill
Deer,siamese
Deer,turquoise
Deer,kitchen counter
Deer,party hat
Dog,mouth
Dog,remote
Dog,car window
Dog,umbrella
Dog,walk
Dog,pink
Dog,yellow
Dog,park
Dog,tow truck
Dog,formation
Dog,ostrich
Dog,grassy
Dog,fire truck
Dog,bus
Dog,food truck
Dog,red
Dog,rural
Dog,school bus
Dog,ambulance
Dog,miniature
Dog,doll
Dog,husky
Dog,hide
Dog,limb
Dog,twig
Dog,tree branch
Dog,play
Dog,cock
Dog,swing
Dog,bat
Dog,baseball bat
Dog,donkey
Dog,lemur
Dog,stone
Dog,tennis racket
Dog,control
Dog,Wii
Dog,mouse
Dog,Wii controller
Dog,carpet
Dog,biplane
Dog,field
Dog,forest
Dog,scale model
Dog,habitat
Dog,trumpet
Dog,curb
Dog,camper
Dog,shed
Dog,city bus
Dog,decker bus
Dog,doorway
Dog,swivel chair
Dog,office chair
Dog,bottle
Dog,muscle
Dog,bust
Dog,dark
Dog,swinge
Dog,martial
Dog,karate
Dog,fighter jet
Dog,tank
Dog,trailer truck
Dog,street sign
Dog,lamp post
Dog,bookshelf
Dog,origami
Dog,wave
Dog,dress
Dog,rhinoceros
Dog,bull
Dog,city
Dog,urban
Dog,city view
Dog,city skyline
Dog,curl
Dog,graze
Dog,Border collie
Dog,eagle
Dog,counter top
Dog,area
Dog,log
Dog,computer screen
Dog,skater
Dog,flip
Dog,skateboarder
Dog,skate
Dog,skate park
Dog,travel
Dog,turquoise
Dog,savanna
Dog,yak
Dog,dry
Dog,bison
Dog,buffalo
Dog,plain
Dog,airport runway
Dog,tarmac
Dog,fire station
Dog,park bench
Dog,party hat
Dog,fly
Dog,aquarium
Dog,whale
Dog,bow tie
Dog,guinea pig
Dog,kitchen counter
Dog,window sill
Dog,siamese
Dog,boat
Dog,sunset
Frog,green
Frog,lush
Frog,animal
Frog,snail
Frog,vegetation
Frog,grass
Frog,blade
Frog,bush
Frog,brown
Frog,leaf
Frog,dog
Frog,chihuahua
Frog,carpet
Frog,floor
Frog,toy
Frog,figurine
Frog,chameleon
Frog,bat
Frog,black
Frog,sloth
Frog,white
Frog,lemur
Frog,flower
Frog,weed
Frog,stone
Frog,pillow
Frog,sky
Frog,man
Frog,person
Frog,woman
Frog,display
Frog,enclosure
Frog,stool
Frog,sculpture
Frog,miniature
Frog,stand
Frog,wave
Frog,play
Frog,cock
Frog,swing
Frog,baseball glove
Frog,boy
Frog,baseball bat
Frog,close-up
Frog,head
Frog,badger
Frog,calm
Frog,cart
Frog,bus
Frog,decker bus
Frog,school bus
Frog,doorway
Frog,fighter jet
Frog,float
Frog,computer screen
Frog,selfie
Frog,bird
Frog,photo
Frog,cruise
Frog,blue
Frog,log
Frog,habitat
Frog,table
Frog,chair
Frog,dinning table
Frog,reindeer
Frog,brush
Frog,ram
Frog,trumpet
Frog,gun
Frog,point
Frog,profile
Frog,shadow
Frog,teddy
Frog,window
Frog,peak
Frog,pole
Frog,post
Frog,kite
Frog,bathroom accessory
Frog,sink
Frog,bathroom sink
Frog,dough
Frog,origami
Frog,husky
Frog,lay
Frog,glass table
Frog,limb
Frog,twig
Frog,child
Frog,curtain
Frog,room
Frog,tank
Frog,trailer truck
Frog,ostrich
Frog,grassy
Frog,bed
Frog,blanket
Frog,bedcover
Frog,remote
Frog,open
Frog,swinge
Frog,martial
Frog,karate
Frog,shop window
Frog,swimmer
Frog,goggles
Frog,swim cap
Frog,lighthouse
Frog,bull
Frog,tennis racket
Frog,game controller
Frog,control
Frog,Wii
Frog,mouse
Frog,Wii controller
Frog,food truck
Frog,scale model
Frog,biplane
Frog,field
Frog,tie
Frog,girl
Frog,curl
Frog,tail
Frog,sea
Frog,raceway
Frog,land
Frog,take
Frog,polar bear
Frog,iceberg
Frog,orangutan
Frog,pool
Frog,wire
Frog,reed
Frog,shirt
Frog,statue
Frog,stump
Frog,silver
Frog,savanna
Frog,yak
Frog,dry
Frog,bison
Frog,buffalo
Frog,plain
Frog,chase
Frog,sweatshirt
Frog,hood
Frog,hoodie
Frog,hand
Frog,logo
Frog,fire station
Frog,party hat
Frog,pen
Frog,park bench
Frog,army
Frog,bathroom mirror
Frog,bath
Frog,bathroom
Frog,bottle
Frog,muscle
Frog,bust
Frog,dark
Frog,fly
Frog,doberman
Frog,gazebo
Frog,shelter
Frog,sand
Frog,picnic table
Frog,airport runway
Frog,tarmac
Frog,turquoise
Frog,window sill
Frog,siamese
Frog,Border collie
Frog,aquarium
Frog,whale
Frog,bow tie
Frog,guinea pig
Horse,stool
Horse,sculpture
Horse,miniature
Horse,stand
Horse,white
Horse,brown
Horse,head
Horse,camper
Horse,shed
Horse,lush
Horse,enclosure
Horse,man
Horse,pole
Horse,pet
Horse,toy
Horse,green
Horse,grassy
Horse,graze
Horse,open
Horse,photo
Horse,stare
Horse,swinge
Horse,trick
Horse,swing
Horse,bat
Horse,martial
Horse,baseball bat
Horse,karate
Horse,blue
Horse,sky
Horse,drive
Horse,car
Horse,road
Horse,rail
Horse,yellow
Horse,bird
Horse,stone
Horse,floor
Horse,pillow
Horse,logo
Horse,fire truck
Horse,rural
Horse,ambulance
Horse,curb
Horse,cloudy
Horse,hedge
Horse,car window
Horse,table
Horse,curtain
Horse,room
Horse,scale model
Horse,lighthouse
Horse,dog
Horse,window
Horse,black
Horse,bull
Horse,ostrich
Horse,chihuahua
Horse,food
Horse,paw
Horse,gun
Horse,point
Horse,profile
Horse,shadow
Horse,donkey
Horse,decker bus
Horse,raceway
Horse,land
Horse,take
Horse,wave
Horse,goggles
Horse,wear
Horse,cat
Horse,swimmer
Horse,figurine
Horse,stunt
Horse,cloud
Horse,lay
Horse,gray
Horse,gecko
Horse,lizard
Horse,mantid
Horse,tree frog
Horse,stem
Horse,vegetation
Horse,greenery
Horse,plant
Horse,chair
Horse,dinning table
Horse,kite
Horse,cub
Horse,person
Horse,woman
Horse,fighter jet
Horse,brush
Horse,ram
Horse,trumpet
Horse,mouth
Horse,emergency vehicle
Horse,office building
Horse,image
Horse,wood
Horse,tree
Horse,tie
Horse,snow
Horse,cage
Horse,bed
Horse,bedcover
Horse,flower
Horse,walk
Horse,pink
Horse,counter top
Horse,formation
Horse,limb
Horse,twig
Horse,tree branch
Horse,travel
Horse,biplane
Horse,bookshelf
Horse,swivel chair
Horse,office chair
Horse,wire
Horse,reed
Horse,play
Horse,catch
Horse,cock
Horse,baseball glove
Horse,boy
Horse,teddy
Horse,polar bear
Horse,iceberg
Horse,shop window
Horse,girl
Horse,curl
Horse,hamster
Horse,rodent
Horse,sloth
Horse,lemur
Horse,parrot
Horse,doll
Horse,puppet
Horse,pigeon
Horse,ledge
Horse,dress
Horse,skater
Horse,jump
Horse,flip
Horse,skateboarder
Horse,skate
Horse,skate park
Horse,weed
Horse,dough
Horse,eagle
Horse,shirt
Horse,silver
Horse,hand
Horse,airport runway
Horse,tarmac
Horse,turquoise
Horse,hillside
Horse,hill
Horse,house exterior
Horse,house
Horse,dirt track
Horse,savanna
Horse,yak
Horse,dry
Horse,bison
Horse,buffalo
Horse,plain
Horse,party hat
Horse,gazebo
Horse,shelter
Horse,sand
Horse,picnic table
Horse,sweatshirt
Horse,hood
Horse,hoodie
Horse,puddle
Horse,bow tie
Horse,guinea pig
Horse,bathroom mirror
Horse,bath
Horse,bathroom
Horse,window sill
Horse,siamese
Horse,kitchen counter
Horse,stuff
Horse,pen
Horse,park bench
Horse,hockey
Horse,basketball game
Horse,hockey game
Horse,hockey player
Horse,rink
Horse,ice hockey
Ship,car
Ship,water
Ship,wave
Ship,green
Ship,calm
Ship,building
Ship,sky
Ship,cloudy
Ship,lighthouse
Ship,white
Ship,float
Ship,scale model
Ship,miniature
Ship,cruise
Ship,lake
Ship,photo
Ship,red
Ship,display
Ship,black
Ship,road
Ship,cloud
Ship,blue
Ship,dog
Ship,chihuahua
Ship,animal
Ship,carpet
Ship,floor
Ship,toy
Ship,paw
Ship,brown
Ship,pet
Ship,bridle
Ship,head
Ship,drive
Ship,fire truck
Ship,bus
Ship,park
Ship,curb
Ship,ambulance
Ship,teddy
Ship,window
Ship,doorway
Ship,stand
Ship,stare
Ship,woman
Ship,selfie
Ship,lush
Ship,pole
Ship,grassy
Ship,swimmer
Ship,bird
Ship,sit
Ship,flower
Ship,tennis racket
Ship,game controller
Ship,control
Ship,Wii
Ship,remote
Ship,mouse
Ship,Wii controller
Ship,stool
Ship,chair
Ship,swivel chair
Ship,lay
Ship,office chair
Ship,camper
Ship,shed
Ship,trailer
Ship,origami
Ship,grass
Ship,man
Ship,yard
Ship,forest
Ship,snail
Ship,vegetation
Ship,blade
Ship,leaf
Ship,figurine
Ship,gecko
Ship,lizard
Ship,mantid
Ship,tree frog
Ship,formation
Ship,trick
Ship,stunt
Ship,gray
Ship,biplane
Ship,yellow
Ship,field
Ship,shop window
Ship,swim cap
Ship,tank
Ship,trailer truck
Ship,traffic sign
Ship,umbrella
Ship,lamp
Ship,street sign
Ship,lamp post
Ship,blanket
Ship,bedcover
Ship,pillow
Ship,bat
Ship,table
Ship,counter top
Ship,dress
Ship,doll
Ship,food truck
Ship,rural
Ship,school bus
Ship,open
Ship,stump
Ship,statue
Ship,bottle
Ship,sculpture
Ship,muscle
Ship,bust
Ship,dark
Ship,cart
Ship,graze
Ship,tie
Ship,sloth
Ship,lemur
Ship,ostrich
Ship,mouth
Ship,gun
Ship,point
Ship,profile
Ship,shadow
Ship,joker
Ship,computer screen
Ship,reindeer
Ship,smoke
Ship,swinge
Ship,swing
Ship,martial
Ship,baseball bat
Ship,karate
Ship,cub
Ship,play
Ship,cock
Ship,baseball glove
Ship,boy
Ship,area
Ship,log
Ship,habitat
Ship,donkey
Ship,dinning table
Ship,city
Ship,urban
Ship,city view
Ship,city skyline
Ship,walk
Ship,pink
Ship,stem
Ship,greenery
Ship,plant
Ship,close-up
Ship,face
Ship,badger
Ship,rail
Ship,peak
Ship,post
Ship,snow
Ship,logo
Ship,eagle
Ship,Border collie
Ship,brush
Ship,girl
Ship,curl
Ship,pigeon
Ship,ledge
Ship,hamster
Ship,rodent
Ship,stone
Ship,puddle
Ship,weed
Ship,turquoise
Ship,hillside
Ship,hill
Ship,house exterior
Ship,house
Ship,skater
Ship,jump
Ship,flip
Ship,skateboarder
Ship,skate
Ship,skate park
Ship,chase
Ship,dirt track
Ship,airport runway
Ship,tarmac
Ship,shirt
Ship,fire station
Ship,silver
Ship,limb
Ship,twig
Ship,tree branch
Ship,savanna
Ship,yak
Ship,dry
Ship,bison
Ship,buffalo
Ship,plain
Ship,gazebo
Ship,shelter
Ship,sand
Ship,picnic table
Ship,polar bear
Ship,iceberg
Ship,window sill
Ship,siamese
Ship,bow tie
Ship,guinea pig
Ship,fly
Ship,doberman
Ship,sunset
Ship,stuff
Ship,swim
Ship,whale
Ship,army
Truck,road
Truck,drive
Truck,park
Truck,building
Truck,city bus
Truck,fire truck
Truck,bus
Truck,decker bus
Truck,red
Truck,curb
Truck,ambulance
Truck,tow truck
Truck,car
Truck,cart
Truck,trailer
Truck,cloudy
Truck,school bus
Truck,white
Truck,sky
Truck,food truck
Truck,toy
Truck,animal
Truck,dog
Truck,man
Truck,floor
Truck,child
Truck,brown
Truck,woman
Truck,boy
Truck,stool
Truck,chair
Truck,grass
Truck,stand
Truck,black
Truck,pet
Truck,cage
Truck,green
Truck,lush
Truck,field
Truck,enclosure
Truck,tail
Truck,sea
Truck,raceway
Truck,land
Truck,take
Truck,person
Truck,food
Truck,smoke
Truck,trick
Truck,stunt
Truck,cloud
Truck,photo
Truck,float
Truck,water
Truck,umbrella
Truck,lamp
Truck,street sign
Truck,lamp post
Truck,calm
Truck,chihuahua
Truck,carpet
Truck,paw
Truck,reindeer
Truck,snow
Truck,ram
Truck,lay
Truck,close-up
Truck,face
Truck,head
Truck,badger
Truck,stare
Truck,doll
Truck,wear
Truck,blade
Truck,display
Truck,bottle
Truck,sculpture
Truck,muscle
Truck,bust
Truck,dark
Truck,dough
Truck,limb
Truck,twig
Truck,tree branch
Truck,sit
Truck,bird
Truck,miniature
Truck,table
Truck,counter top
Truck,hedge
Truck,swimmer
Truck,cruise
Truck,lake
Truck,pole
Truck,traffic sign
Truck,ostrich
Truck,doorway
Truck,glass table
Truck,selfie
Truck,open
Truck,orangutan
Truck,pool
Truck,tie
Truck,rhinoceros
Truck,bull
Truck,mouth
Truck,neckband
Truck,play
Truck,catch
Truck,cock
Truck,swing
Truck,baseball glove
Truck,baseball bat
Truck,flower
Truck,weed
Truck,lighthouse
Truck,image
Truck,swivel chair
Truck,office chair
Truck,area
Truck,forest
Truck,log
Truck,habitat
Truck,goggles
Truck,dinning table
Truck,swinge
Truck,martial
Truck,karate
Truck,origami
Truck,office building
Truck,stump
Truck,wave
Truck,gun
Truck,point
Truck,profile
Truck,shadow
Truck,shed
Truck,walk
Truck,pink
Truck,parrot
Truck,joker
Truck,puppet
Truck,brush
Truck,trumpet
Truck,cub
Truck,cat
Truck,curtain
Truck,room
Truck,formation
Truck,wire
Truck,reed
Truck,yard
Truck,kite
Truck,bathroom accessory
Truck,sink
Truck,bathroom sink
Truck,hide
Truck,city
Truck,urban
Truck,city view
Truck,city skyline
Truck,Border collie
Truck,peak
Truck,post
Truck,eagle
Truck,polar bear
Truck,iceberg
Truck,skater
Truck,jump
Truck,flip
Truck,skateboarder
Truck,skate
Truck,skate park
Truck,shirt
Truck,hand
Truck,computer screen
Truck,airport runway
Truck,tarmac
Truck,hamster
Truck,rodent
Truck,chase
Truck,dirt track
Truck,fire station
Truck,sweatshirt
Truck,hoodie
Truck,puddle
Truck,savanna
Truck,yak
Truck,dry
Truck,bison
Truck,buffalo
Truck,plain
Truck,bow tie
Truck,guinea pig
Truck,gazebo
Truck,shelter
Truck,sand
Truck,picnic table
Truck,party hat
Truck,fly
Truck,doberman
Truck,army
Truck,hillside
Truck,hill
Truck,house exterior
Truck,house
Truck,bathroom mirror
Truck,bath
Truck,bathroom
Truck,gray
Truck,window sill
Truck,siamese
Truck,stuff
Truck,boat
Truck,sunset
